<?xml version="1.0" encoding="UTF-8"?>
<service-mappings>
	
<!-- 	<global-executor>
		<executor executionOrderPath="http://localhost:8080/digicommerce/services/TrialServiceExecutor/SequenceOrder" executionServicesPath="http://localhost:8080/digicommerce/services/TrialServiceExecutor/ExecuteServices" />
	</global-executor>
 -->
 	<!-- Handles trial domain -->
 	<!-- This domain is responsible for creating trials and manage trial creation requests -->
	<service-mapping name="trial" value="*" input="query">
		<service name="trialHandlerService" path="http://localhost:8080/digicommerce/services/TrialServiceComposer" preValidate="true" postValidate="true"></service>
		<executor executionOrderPath="http://localhost:8080/digicommerce/services/TrialServiceHandler/SequenceOrder" executionServicesPath="http://localhost:8080/digicommerce/services/TrialServiceHandler/ExecuteServices" />
	</service-mapping>

	<!-- Handles lifecycle domain -->
	<!-- This domain is responsible for managing trials lifecycle like extend, deactivate, reactivate, expire, restart -->
	<service-mapping name="lifecycle" value="*" input="query">
		<service name="extendHandlerService" path="http://localhost:8080/digicommerce/services/LifecycleServiceComposer" preValidate="true" postValidate="true"></service>
		<executor executionOrderPath="http://localhost:8080/digicommerce/services/LifeCycleServiceHandler/SequenceOrder" executionServicesPath="http://localhost:8080/digicommerce/services/LifeCycleServiceHandler/ExecuteServices" />
	</service-mapping>
 	
 	<!-- Handles SAP domain -->
 	<!--  This domain is responsible for handling sap order requests coming from marketplace -->
	<service-mapping name="service" value="sap" input="query">
		<service name="sapServiceList" static-service-list-ref="staticServiceComposerList"></service>
	</service-mapping>
	<static-service-list name="staticServiceComposerList">
		<static-service name="sapTaxService" url="https://localhost:8080/digicommerce/services/SAPTaxService" execType="sequence" execSequence="1"></static-service>
		<static-service name="sapOrderService" url="https://localhost:8080/digicommerce/services/SAPOrderService" execType="sequence" execSequence="2"></static-service> 
	</static-service-list>

	<!-- Handles Fulfillment Service domain -->
	<!-- This domain is responsible for handling fulfillment service requests coming from Integration Service Core module -->
	<service-mapping name="service" value="rally" input="query">
		<service name="rallyService" static-service-list-ref="staticRallyServicesList"></service>
		<executor executionOrderPath="http://localhost:8080/digicommerce/services/RallyServiceHandler/SequenceOrder" executionServicesPath="http://localhost:8080/digicommerce/services/RallyServiceHandler/ExecuteServices" />
	</service-mapping>
	<static-service-list name="staticRallyServicesList">
		<static-service name="fulfillmentService" url="http://localhost:8080/digicommerce/services/fulfillmentService" execType="sequence" execSequence="1"></static-service>
	</static-service-list>

	<!-- Handles restart domain -->
	<!-- This domain is responsible for managing trials restart -->
	<service-mapping name="restart" value="*" input="query">
		<service name="restartHandlerService" path="http://localhost:8080/digicommerce/services/RestartServiceComposer"></service>
		<executor executionOrderPath="http://localhost:8080/digicommerce/services/RestartServiceHandler/SequenceOrder" executionServicesPath="http://localhost:8080/digicommerce/services/RestartServiceHandler/ExecuteServices" />
	</service-mapping>

 	<!-- Handles GPOC domain -->
 	<!-- This domain is responsible for creating gpoc order and manage gpoc order creation requests -->
	<service-mapping name="gpoc" value="*" input="query">
		<service name="gpocHandlerService" path="http://localhost:8080/digicommerce/services/GPOCServiceComposer"></service>
		<executor executionOrderPath="http://localhost:8080/digicommerce/services/GPOCServiceHandler/SequenceOrder" executionServicesPath="http://localhost:8080/digicommerce/services/GPOCServiceHandler/ExecuteServices" />
	</service-mapping>

 	<!-- Handles GPOC POC Request call from Magento -->
 	<!--  This domain is responsible for handling sap order requests coming from marketplace -->
	<service-mapping name="pocRequest" value="*" input="query">
		<service name="pocRequestServiceList" static-service-list-ref="staticPocRequestServiceComposerList"></service>
		<executor executionOrderPath="http://localhost:8080/digicommerce/services/GPOCServiceHandler/SequenceOrder" executionServicesPath="http://localhost:8080/digicommerce/services/GPOCServiceHandler/POCRequestExecuteServices" />
	</service-mapping>
	
	<service-mapping name="gpocRestart" value="*" input="query">
		<service name="gpocRestartHandlerService" path="http://localhost:8080/digicommerce/services/GpocRestartServiceComposer"></service>
		<executor executionOrderPath="http://localhost:8080/digicommerce/services/GpocRestartServiceHandler/SequenceOrder" executionServicesPath="http://localhost:8080/digicommerce/services/GpocRestartServiceHandler/ExecuteServices" />
	</service-mapping>
	
	<static-service-list name="staticPocRequestServiceComposerList">
		<static-service name="pocRequestService" url="http://localhost:8080/digicommerce/services/pocRequestService" execType="sequence" execSequence="1"></static-service>
	</static-service-list>

</service-mappings>