<beans xmlns:mvc="http://www.springframework.org/schema/mvc"
	xmlns="http://www.springframework.org/schema/beans" xmlns:xsi="http://www.w3.org/2001/XMLSchema-instance"
	xmlns:aop="http://www.springframework.org/schema/aop" xmlns:tx="http://www.springframework.org/schema/tx"
	xmlns:context="http://www.springframework.org/schema/context" xmlns:util="http://www.springframework.org/schema/util"
	xmlns:task="http://www.springframework.org/schema/task" xmlns:p="http://www.springframework.org/schema/p"
	xsi:schemaLocation="http://www.springframework.org/schema/beans
	http://www.springframework.org/schema/beans/spring-beans-2.5.xsd
	http://www.springframework.org/schema/tx
	http://www.springframework.org/schema/tx/spring-tx-3.0.xsd
	http://www.springframework.org/schema/aop
	http://www.springframework.org/schema/aop/spring-aop.xsd
	http://www.springframework.org/schema/context 
    http://www.springframework.org/schema/context/spring-context.xsd
    http://www.springframework.org/schema/util 
    http://www.springframework.org/schema/util/spring-util.xsd
    http://www.springframework.org/schema/task 
    http://www.springframework.org/schema/task/spring-task-3.0.xsd
    http://www.springframework.org/schema/mvc 
    http://www.springframework.org/schema/mvc/spring-mvc.xsd">

	<mvc:annotation-driven /> 

	<context:annotation-config/>

	<!-- AOP Implementation Start -->
	<aop:aspectj-autoproxy />
	<!-- AOP Implementation End -->

	<context:component-scan base-package="com.intuit.its.*" />
	

	<tx:annotation-driven transaction-manager="transactionManager" />
	
	
	
	<bean id="sessionFactory" class="org.springframework.orm.hibernate5.LocalSessionFactoryBean">
		<property name="dataSource" ref="dataSource" />
		<property name="packagesToScan" value="com.intuit.its" />
	</bean>

	<bean id="restTemplate" class="org.springframework.web.client.RestTemplate"/>
	<bean id="dataSource" class="org.springframework.jdbc.datasource.DriverManagerDataSource">
	   <property name="driverClassName" value="${hibernate.connection.driver_class}" />
	   <property name="url" value="${connection.url}" />
	   <property name="username" value="${connection.username}" />
	   <property name="password" value="${connection.password}"/>
	</bean>
	
	
	<bean id="transactionManager" class="org.springframework.orm.hibernate5.HibernateTransactionManager">
	   <property name="sessionFactory" ref="sessionFactory" />
	</bean>
	
	
	<bean id="hibernateProperties" class="org.springframework.beans.factory.config.PropertyPlaceholderConfigurer">
	    <property name="location" value="classpath:config/hibernate.properties" />
	</bean>
	
	<!-- Log4j Implementation Start -->
	<bean id="log4jInitialization"  class="org.springframework.beans.factory.config.MethodInvokingFactoryBean">
	 <property name="targetClass" value="org.springframework.util.Log4jConfigurer" />
	   <property name="targetMethod" value="initLogging" />
	   <property name="arguments">
	      <list>
	         <value>classpath:config/log4j.properties</value>
	      </list>
	   </property>
	 </bean>
	<!-- Log4j Implementation End -->


	<bean id="PlanetService" class="org.springframework.remoting.httpinvoker.HttpInvokerServiceExporter" scope="prototype" lazy-init="true">
		<property name="service" ref="planetService"></property>
		<property name="serviceInterface" value="com.intuit.its.service.ServiceAction"></property>
	</bean>

		
	<bean id="ErrorCodePageMappingService" class="org.springframework.remoting.httpinvoker.HttpInvokerServiceExporter" scope="prototype" lazy-init="true">
		<property name="service" ref="errorCodePageMappingService"></property>
		<property name="serviceInterface" value="com.intuit.its.service.ServiceAction"></property>
	</bean>	

	<!-- AOP Implementation Start -->
	<bean id="loggingAspect" class="com.ca.digital.utility.PlanetEventAspect"/>
	<!-- AOP Implementation End -->
	
	

	<bean id="urlMapping" class="org.springframework.web.servlet.handler.SimpleUrlHandlerMapping" lazy-init="true">
		<property name="mappings">
			<props>
				<prop key="planetOrchestrator">PlanetOrchestrator</prop>
				<prop key="planetService">CustomerService</prop>
				
				<prop key="errorCodePageMappingService">ErrorCodePageMappingService</prop>
					
			</props>
		</property>
	</bean>

	    
    <util:list id="asyncInterceptors">
      <bean id="asyncRestTemplateInterceptor" class="com.intuit.its.interceptor.AsyncRestClientInterceptor"/>
	</util:list>
    
    <bean id="interceptingAsyncRestTemplate" class="org.springframework.web.client.AsyncRestTemplate" p:interceptors-ref="asyncInterceptors">
	</bean>
	
	<bean id="bufferingRequestFactory" class="org.springframework.http.client.BufferingClientHttpRequestFactory">
		<constructor-arg ref="simpleRequestFactory"></constructor-arg>
	</bean>
	
	
    <bean id="simpleRequestFactory" class="org.springframework.http.client.SimpleClientHttpRequestFactory"></bean>

</beans>
